,hourofyear,job_name,hour
371,600.0,909,0.0
372,601.0,661,1.0
373,602.0,386,2.0
374,603.0,517,3.0
375,604.0,689,4.0
376,605.0,585,5.0
377,606.0,552,6.0
378,607.0,677,7.0
379,608.0,647,8.0
380,609.0,507,9.0
381,610.0,504,10.0
382,611.0,722,11.0
383,612.0,715,12.0
384,613.0,339,13.0
385,614.0,384,14.0
386,615.0,321,15.0
387,616.0,276,16.0
388,617.0,950,17.0
389,618.0,708,18.0
390,619.0,464,19.0
391,620.0,533,20.0
392,621.0,469,21.0
393,622.0,646,22.0
394,623.0,401,23.0
395,624.0,929,24.0
396,625.0,740,25.0
397,626.0,352,26.0
398,627.0,286,27.0
399,628.0,418,28.0
400,629.0,653,29.0
401,630.0,423,30.0
402,631.0,860,31.0
403,632.0,704,32.0
404,633.0,652,33.0
405,634.0,1024,34.0
406,635.0,1037,35.0
407,636.0,644,36.0
408,637.0,819,37.0
409,638.0,857,38.0
410,639.0,996,39.0
411,640.0,950,40.0
412,641.0,930,41.0
413,642.0,763,42.0
414,643.0,586,43.0
415,644.0,696,44.0
416,645.0,758,45.0
417,646.0,635,46.0
418,647.0,598,47.0
419,648.0,712,48.0
420,649.0,621,49.0
421,650.0,424,50.0
422,651.0,526,51.0
423,652.0,429,52.0
424,653.0,383,53.0
425,654.0,427,54.0
426,655.0,637,55.0
427,656.0,866,56.0
428,657.0,729,57.0
429,658.0,1011,58.0
430,659.0,986,59.0
431,660.0,756,60.0
432,661.0,1027,61.0
433,662.0,972,62.0
434,663.0,1084,63.0
435,664.0,971,64.0
436,665.0,1255,65.0
437,666.0,1013,66.0
438,667.0,655,67.0
439,668.0,680,68.0
440,669.0,710,69.0
441,670.0,688,70.0
442,671.0,620,71.0
443,672.0,984,72.0
444,673.0,822,73.0
445,674.0,330,74.0
446,675.0,263,75.0
447,676.0,430,76.0
448,677.0,507,77.0
449,678.0,484,78.0
450,679.0,636,79.0
451,680.0,499,80.0
452,681.0,644,81.0
453,682.0,1200,82.0
454,683.0,1307,83.0
455,684.0,790,84.0
456,685.0,584,85.0
457,686.0,944,86.0
458,687.0,933,87.0
459,688.0,1007,88.0
460,689.0,919,89.0
461,690.0,789,90.0
462,691.0,660,91.0
463,692.0,824,92.0
464,693.0,548,93.0
465,694.0,554,94.0
466,695.0,776,95.0
467,696.0,1080,96.0
468,697.0,1083,97.0
469,698.0,403,98.0
470,699.0,328,99.0
471,700.0,358,100.0
472,701.0,431,101.0
473,702.0,552,102.0
474,703.0,345,103.0
475,704.0,589,104.0
476,705.0,867,105.0
477,706.0,949,106.0
478,707.0,1241,107.0
479,708.0,1124,108.0
480,709.0,704,109.0
481,710.0,834,110.0
482,711.0,927,111.0
483,712.0,779,112.0
484,713.0,1080,113.0
485,714.0,665,114.0
486,715.0,729,115.0
487,716.0,1081,116.0
488,717.0,868,117.0
489,718.0,651,118.0
490,719.0,513,119.0
491,720.0,1218,120.0
492,721.0,711,121.0
493,722.0,430,122.0
494,723.0,452,123.0
495,724.0,415,124.0
496,725.0,429,125.0
497,726.0,558,126.0
498,727.0,684,127.0
499,728.0,796,128.0
500,729.0,949,129.0
501,730.0,896,130.0
502,731.0,1103,131.0
503,732.0,681,132.0
504,733.0,984,133.0
505,734.0,1088,134.0
506,735.0,886,135.0
507,736.0,785,136.0
508,737.0,879,137.0
509,738.0,719,138.0
510,739.0,467,139.0
511,740.0,456,140.0
512,741.0,460,141.0
513,742.0,535,142.0
514,743.0,409,143.0
515,744.0,1002,144.0
516,745.0,764,145.0
517,746.0,492,146.0
518,747.0,497,147.0
519,748.0,649,148.0
520,749.0,540,149.0
521,750.0,556,150.0
522,751.0,783,151.0
523,752.0,505,152.0
524,753.0,470,153.0
525,754.0,564,154.0
526,755.0,724,155.0
527,756.0,861,156.0
528,757.0,437,157.0
529,758.0,561,158.0
530,759.0,348,159.0
531,760.0,491,160.0
532,761.0,453,161.0
533,762.0,449,162.0
534,763.0,294,163.0
535,764.0,350,164.0
536,765.0,302,165.0
537,766.0,445,166.0
538,767.0,318,167.0
539,768.0,1010,168.0
540,769.0,647,169.0
541,770.0,416,170.0
542,771.0,362,171.0
543,772.0,671,172.0
544,773.0,571,173.0
545,774.0,463,174.0
546,775.0,666,175.0
547,776.0,460,176.0
548,777.0,430,177.0
549,778.0,660,178.0
550,779.0,1022,179.0
551,780.0,602,180.0
552,781.0,348,181.0
553,782.0,328,182.0
554,783.0,370,183.0
555,784.0,362,184.0
556,785.0,568,185.0
557,786.0,462,186.0
558,787.0,285,187.0
559,788.0,311,188.0
560,789.0,290,189.0
561,790.0,600,190.0
562,791.0,510,191.0
563,792.0,972,192.0
564,793.0,764,193.0
565,794.0,402,194.0
566,795.0,378,195.0
567,796.0,615,196.0
568,797.0,559,197.0
569,798.0,539,198.0
570,799.0,572,199.0
571,800.0,482,200.0
572,801.0,838,201.0
573,802.0,1198,202.0
574,803.0,932,203.0
575,804.0,784,204.0
576,805.0,780,205.0
577,806.0,935,206.0
578,807.0,999,207.0
579,808.0,850,208.0
580,809.0,886,209.0
581,810.0,664,210.0
582,811.0,817,211.0
583,812.0,920,212.0
584,813.0,834,213.0
585,814.0,633,214.0
586,815.0,730,215.0
587,816.0,1130,216.0
588,817.0,809,217.0
589,818.0,585,218.0
590,819.0,687,219.0
591,820.0,502,220.0
592,821.0,562,221.0
593,822.0,565,222.0
594,823.0,563,223.0
595,824.0,526,224.0
596,825.0,614,225.0
597,826.0,1174,226.0
598,827.0,1294,227.0
599,828.0,1098,228.0
600,829.0,853,229.0
601,830.0,930,230.0
602,831.0,958,231.0
603,832.0,977,232.0
604,833.0,1267,233.0
605,834.0,1114,234.0
606,835.0,1191,235.0
607,836.0,989,236.0
608,837.0,511,237.0
609,838.0,703,238.0
610,839.0,528,239.0
611,840.0,921,240.0
612,841.0,882,241.0
613,842.0,442,242.0
614,843.0,377,243.0
615,844.0,451,244.0
616,845.0,354,245.0
617,846.0,538,246.0
618,847.0,570,247.0
619,848.0,576,248.0
620,849.0,712,249.0
621,850.0,1365,250.0
622,851.0,1233,251.0
623,852.0,756,252.0
624,853.0,1132,253.0
625,854.0,1049,254.0
626,855.0,1117,255.0
627,856.0,986,256.0
628,857.0,1184,257.0
629,858.0,609,258.0
630,859.0,966,259.0
631,860.0,792,260.0
632,861.0,612,261.0
633,862.0,527,262.0
634,863.0,479,263.0
635,864.0,1045,264.0
636,865.0,803,265.0
637,866.0,431,266.0
638,867.0,378,267.0
639,868.0,407,268.0
640,869.0,419,269.0
641,870.0,593,270.0
642,871.0,624,271.0
643,872.0,570,272.0
644,873.0,720,273.0
645,874.0,1081,274.0
646,875.0,1086,275.0
647,876.0,682,276.0
648,877.0,1221,277.0
649,878.0,1307,278.0
650,879.0,1243,279.0
651,880.0,1071,280.0
652,881.0,927,281.0
653,882.0,733,282.0
654,883.0,1041,283.0
655,884.0,848,284.0
656,885.0,699,285.0
657,886.0,558,286.0
658,887.0,666,287.0
659,888.0,1006,288.0
660,889.0,678,289.0
661,890.0,555,290.0
662,891.0,359,291.0
663,892.0,620,292.0
664,893.0,609,293.0
665,894.0,500,294.0
666,895.0,675,295.0
667,896.0,507,296.0
668,897.0,610,297.0
669,898.0,1085,298.0
670,899.0,1040,299.0
671,900.0,802,300.0
672,901.0,853,301.0
673,902.0,919,302.0
674,903.0,950,303.0
675,904.0,998,304.0
676,905.0,1196,305.0
677,906.0,764,306.0
678,907.0,843,307.0
679,908.0,735,308.0
680,909.0,668,309.0
681,910.0,838,310.0
682,911.0,391,311.0
683,912.0,836,312.0
684,913.0,522,313.0
685,914.0,629,314.0
686,915.0,452,315.0
687,916.0,651,316.0
688,917.0,668,317.0
689,918.0,647,318.0
690,919.0,774,319.0
691,920.0,588,320.0
692,921.0,641,321.0
693,922.0,488,322.0
694,923.0,768,323.0
695,924.0,734,324.0
696,925.0,737,325.0
697,926.0,612,326.0
698,927.0,667,327.0
699,928.0,1450,328.0
700,929.0,1376,329.0
701,930.0,650,330.0
702,931.0,387,331.0
703,932.0,1680,332.0
704,933.0,758,333.0
705,934.0,1769,334.0
706,935.0,1675,335.0
707,936.0,1144,336.0
708,937.0,1378,337.0
709,938.0,906,338.0
710,939.0,1610,339.0
711,940.0,1260,340.0
712,941.0,1308,341.0
713,942.0,767,342.0
714,943.0,829,343.0
715,944.0,1071,344.0
716,945.0,1318,345.0
717,946.0,959,346.0
718,947.0,2206,347.0
719,948.0,2059,348.0
720,949.0,480,349.0
721,950.0,450,350.0
722,951.0,393,351.0
723,952.0,435,352.0
724,953.0,683,353.0
725,954.0,468,354.0
726,955.0,435,355.0
727,956.0,452,356.0
728,957.0,359,357.0
729,958.0,671,358.0
730,959.0,504,359.0
731,960.0,797,360.0
732,961.0,923,361.0
733,962.0,426,362.0
734,963.0,436,363.0
735,964.0,491,364.0
736,965.0,532,365.0
737,966.0,457,366.0
738,967.0,744,367.0
739,968.0,556,368.0
740,969.0,690,369.0
741,970.0,1438,370.0
742,971.0,1465,371.0
743,972.0,946,372.0
744,973.0,1024,373.0
745,974.0,2150,374.0
746,975.0,2039,375.0
747,976.0,2085,376.0
748,977.0,1538,377.0
749,978.0,2851,378.0
750,979.0,1119,379.0
751,980.0,1615,380.0
752,981.0,772,381.0
753,982.0,587,382.0
754,983.0,538,383.0
755,984.0,1018,384.0
756,985.0,843,385.0
757,986.0,371,386.0
758,987.0,402,387.0
759,988.0,520,388.0
760,989.0,559,389.0
761,990.0,474,390.0
762,991.0,697,391.0
763,992.0,672,392.0
764,993.0,793,393.0
765,994.0,1194,394.0
766,995.0,1761,395.0
767,996.0,984,396.0
768,997.0,994,397.0
769,998.0,1307,398.0
770,999.0,1376,399.0
771,1000.0,1976,400.0
772,1001.0,1803,401.0
773,1002.0,1199,402.0
774,1003.0,1377,403.0
775,1004.0,912,404.0
776,1005.0,958,405.0
777,1006.0,777,406.0
778,1007.0,597,407.0
779,1008.0,1217,408.0
780,1009.0,715,409.0
781,1010.0,381,410.0
782,1011.0,445,411.0
783,1012.0,626,412.0
784,1013.0,616,413.0
785,1014.0,589,414.0
786,1015.0,781,415.0
787,1016.0,495,416.0
788,1017.0,896,417.0
789,1018.0,1343,418.0
790,1019.0,1289,419.0
791,1020.0,978,420.0
792,1021.0,994,421.0
793,1022.0,963,422.0
794,1023.0,1033,423.0
795,1024.0,946,424.0
796,1025.0,1436,425.0
797,1026.0,858,426.0
798,1027.0,926,427.0
799,1028.0,1276,428.0
800,1029.0,911,429.0
801,1030.0,762,430.0
802,1031.0,840,431.0
803,1032.0,974,432.0
804,1033.0,1048,433.0
805,1034.0,444,434.0
806,1035.0,436,435.0
807,1036.0,629,436.0
808,1037.0,610,437.0
809,1038.0,952,438.0
810,1039.0,719,439.0
811,1040.0,651,440.0
812,1041.0,675,441.0
813,1042.0,1286,442.0
814,1043.0,1319,443.0
815,1044.0,548,444.0
816,1045.0,588,445.0
817,1046.0,961,446.0
818,1047.0,1595,447.0
819,1048.0,992,448.0
820,1049.0,1158,449.0
821,1050.0,832,450.0
822,1051.0,833,451.0
823,1052.0,952,452.0
824,1053.0,672,453.0
825,1054.0,695,454.0
826,1055.0,725,455.0
827,1056.0,781,456.0
828,1057.0,672,457.0
829,1058.0,488,458.0
830,1059.0,411,459.0
831,1060.0,563,460.0
832,1061.0,474,461.0
833,1062.0,936,462.0
834,1063.0,742,463.0
835,1064.0,586,464.0
836,1065.0,726,465.0
837,1066.0,1332,466.0
838,1067.0,1370,467.0
839,1068.0,847,468.0
840,1069.0,572,469.0
841,1070.0,635,470.0
842,1071.0,678,471.0
843,1072.0,860,472.0
844,1073.0,560,473.0
845,1074.0,1312,474.0
846,1075.0,738,475.0
847,1076.0,496,476.0
848,1077.0,369,477.0
849,1078.0,304,478.0
850,1079.0,264,479.0
851,1080.0,857,480.0
852,1081.0,775,481.0
853,1082.0,375,482.0
854,1083.0,385,483.0
855,1084.0,555,484.0
856,1085.0,508,485.0
857,1086.0,789,486.0
858,1087.0,777,487.0
859,1088.0,489,488.0
860,1089.0,557,489.0
861,1090.0,583,490.0
862,1091.0,520,491.0
863,1092.0,407,492.0
864,1093.0,579,493.0
865,1094.0,689,494.0
866,1095.0,479,495.0
867,1096.0,364,496.0
868,1097.0,496,497.0
869,1098.0,486,498.0
870,1099.0,324,499.0
871,1100.0,366,500.0
872,1101.0,271,501.0
873,1102.0,604,502.0
874,1103.0,315,503.0
875,1104.0,829,504.0
876,1105.0,867,505.0
877,1106.0,350,506.0
878,1107.0,326,507.0
879,1108.0,509,508.0
880,1109.0,693,509.0
881,1110.0,553,510.0
882,1111.0,357,511.0
883,1112.0,550,512.0
884,1113.0,554,513.0
885,1114.0,568,514.0
886,1115.0,632,515.0
887,1116.0,639,516.0
888,1117.0,604,517.0
889,1118.0,554,518.0
890,1119.0,363,519.0
891,1120.0,394,520.0
892,1121.0,540,521.0
893,1122.0,429,522.0
894,1123.0,424,523.0
895,1124.0,546,524.0
896,1125.0,422,525.0
897,1126.0,538,526.0
898,1127.0,382,527.0
899,1128.0,800,528.0
900,1129.0,715,529.0
901,1130.0,328,530.0
902,1131.0,408,531.0
903,1132.0,447,532.0
904,1133.0,483,533.0
905,1134.0,500,534.0
906,1135.0,407,535.0
907,1136.0,552,536.0
908,1137.0,705,537.0
909,1138.0,1066,538.0
910,1139.0,1412,539.0
911,1140.0,526,540.0
912,1141.0,698,541.0
913,1142.0,1208,542.0
914,1143.0,1012,543.0
915,1144.0,1215,544.0
916,1145.0,1090,545.0
917,1146.0,1166,546.0
918,1147.0,973,547.0
919,1148.0,935,548.0
920,1149.0,760,549.0
921,1150.0,734,550.0
922,1151.0,689,551.0
923,1152.0,905,552.0
924,1153.0,832,553.0
925,1154.0,414,554.0
926,1155.0,230,555.0
927,1156.0,545,556.0
928,1157.0,368,557.0
929,1158.0,599,558.0
930,1159.0,744,559.0
931,1160.0,724,560.0
932,1161.0,864,561.0
933,1162.0,1363,562.0
934,1163.0,1312,563.0
935,1164.0,671,564.0
936,1165.0,681,565.0
937,1166.0,1009,566.0
938,1167.0,1167,567.0
939,1168.0,1384,568.0
940,1169.0,1155,569.0
941,1170.0,818,570.0
942,1171.0,806,571.0
943,1172.0,802,572.0
944,1173.0,623,573.0
945,1174.0,710,574.0
946,1175.0,643,575.0
947,1176.0,906,576.0
948,1177.0,883,577.0
949,1178.0,502,578.0
950,1179.0,463,579.0
951,1180.0,529,580.0
952,1181.0,428,581.0
953,1182.0,508,582.0
954,1183.0,553,583.0
955,1184.0,616,584.0
956,1185.0,698,585.0
957,1186.0,1230,586.0
958,1187.0,1281,587.0
959,1188.0,581,588.0
960,1189.0,1006,589.0
961,1190.0,1262,590.0
962,1191.0,1047,591.0
963,1192.0,1057,592.0
964,1193.0,1922,593.0
965,1194.0,1135,594.0
966,1195.0,813,595.0
967,1196.0,762,596.0
968,1197.0,712,597.0
969,1198.0,529,598.0
970,1199.0,1488,599.0
971,1200.0,1793,600.0
972,1201.0,526,601.0
973,1202.0,788,602.0
974,1203.0,419,603.0
975,1204.0,484,604.0
976,1205.0,471,605.0
977,1206.0,819,606.0
978,1207.0,802,607.0
979,1208.0,564,608.0
980,1209.0,761,609.0
981,1210.0,1369,610.0
982,1211.0,1150,611.0
983,1212.0,646,612.0
984,1213.0,921,613.0
985,1214.0,1077,614.0
986,1215.0,1140,615.0
987,1216.0,938,616.0
988,1217.0,1025,617.0
989,1218.0,524,618.0
990,1219.0,732,619.0
991,1220.0,943,620.0
992,1221.0,890,621.0
993,1222.0,480,622.0
994,1223.0,399,623.0
995,1224.0,618,624.0
996,1225.0,496,625.0
997,1226.0,548,626.0
998,1227.0,415,627.0
999,1228.0,600,628.0
1000,1229.0,537,629.0
1001,1230.0,768,630.0
1002,1231.0,594,631.0
1003,1232.0,503,632.0
1004,1233.0,992,633.0
1005,1234.0,1413,634.0
1006,1235.0,982,635.0
1007,1236.0,711,636.0
1008,1237.0,699,637.0
1009,1238.0,763,638.0
1010,1239.0,715,639.0
1011,1240.0,1365,640.0
1012,1241.0,908,641.0
1013,1242.0,1000,642.0
1014,1243.0,858,643.0
1015,1244.0,689,644.0
1016,1245.0,623,645.0
1017,1246.0,381,646.0
1018,1247.0,419,647.0
1019,1248.0,1322,648.0
1020,1249.0,1420,649.0
1021,1250.0,1385,650.0
1022,1251.0,474,651.0
1023,1252.0,642,652.0
1024,1253.0,399,653.0
1025,1254.0,1043,654.0
1026,1255.0,800,655.0
1027,1256.0,439,656.0
1028,1257.0,434,657.0
1029,1258.0,455,658.0
1030,1259.0,756,659.0
1031,1260.0,1017,660.0
1032,1261.0,425,661.0
1033,1262.0,467,662.0
1034,1263.0,686,663.0
1035,1264.0,590,664.0
1036,1265.0,409,665.0
1037,1266.0,458,666.0
1038,1267.0,506,667.0
1039,1268.0,539,668.0
1040,1269.0,345,669.0
1041,1270.0,355,670.0
1042,1271.0,360,671.0
1043,1272.0,1166,672.0
1044,1273.0,494,673.0
1045,1274.0,691,674.0
1046,1275.0,485,675.0
1047,1276.0,530,676.0
1048,1277.0,625,677.0
1049,1278.0,866,678.0
1050,1279.0,520,679.0
1051,1280.0,901,680.0
1052,1281.0,742,681.0
1053,1282.0,562,682.0
1054,1283.0,561,683.0
1055,1284.0,392,684.0
1056,1285.0,1727,685.0
1057,1286.0,1548,686.0
1058,1287.0,574,687.0
1059,1288.0,578,688.0
1060,1289.0,536,689.0
1061,1290.0,715,690.0
1062,1291.0,884,691.0
1063,1292.0,597,692.0
1064,1293.0,916,693.0
1065,1294.0,519,694.0
1066,1295.0,381,695.0
1067,1296.0,1170,696.0
1068,1297.0,419,697.0
1069,1298.0,681,698.0
1070,1299.0,382,699.0
1071,1300.0,452,700.0
1072,1301.0,732,701.0
1073,1302.0,555,702.0
1074,1303.0,487,703.0
1075,1304.0,541,704.0
1076,1305.0,706,705.0
1077,1306.0,982,706.0
1078,1307.0,1597,707.0
1079,1308.0,806,708.0
1080,1309.0,697,709.0
1081,1310.0,1312,710.0
1082,1311.0,1183,711.0
1083,1312.0,1298,712.0
1084,1313.0,1139,713.0
1085,1314.0,743,714.0
1086,1315.0,1131,715.0
1087,1316.0,982,716.0
1088,1317.0,744,717.0
1089,1318.0,646,718.0
1090,1319.0,610,719.0
1091,1320.0,1085,720.0
1092,1321.0,671,721.0
1093,1322.0,700,722.0
1094,1323.0,430,723.0
1095,1324.0,506,724.0
1096,1325.0,433,725.0
1097,1326.0,734,726.0
1098,1327.0,846,727.0
1099,1328.0,1200,728.0
1100,1329.0,1068,729.0
1101,1330.0,1252,730.0
1102,1331.0,1200,731.0
1103,1332.0,777,732.0
1104,1333.0,1157,733.0
1105,1334.0,984,734.0
1106,1335.0,1468,735.0
1107,1336.0,1393,736.0
1108,1337.0,1104,737.0
1109,1338.0,1009,738.0
1110,1339.0,930,739.0
1111,1340.0,1132,740.0
1112,1341.0,746,741.0
1113,1342.0,719,742.0
1114,1343.0,930,743.0
1115,1344.0,1460,744.0
1116,1345.0,421,745.0
1117,1346.0,1034,746.0
1118,1347.0,421,747.0
1119,1348.0,329,748.0
1120,1349.0,527,749.0
1121,1350.0,975,750.0
1122,1351.0,905,751.0
1123,1352.0,593,752.0
1124,1353.0,872,753.0
1125,1354.0,1192,754.0
1126,1355.0,1331,755.0
1127,1356.0,752,756.0
1128,1357.0,1069,757.0
1129,1358.0,1255,758.0
1130,1359.0,1039,759.0
1131,1360.0,1070,760.0
1132,1361.0,1460,761.0
1133,1362.0,1981,762.0
1134,1363.0,1784,763.0
1135,1364.0,2117,764.0
1136,1365.0,1227,765.0
1137,1366.0,557,766.0
1138,1367.0,710,767.0
1139,1368.0,1411,768.0
1140,1369.0,513,769.0
1141,1370.0,772,770.0
1142,1371.0,597,771.0
1143,1372.0,662,772.0
1144,1373.0,623,773.0
1145,1374.0,955,774.0
1146,1375.0,906,775.0
1147,1376.0,789,776.0
1148,1377.0,1511,777.0
1149,1378.0,1917,778.0
1150,1379.0,1567,779.0
1151,1380.0,1227,780.0
1152,1381.0,1152,781.0
1153,1382.0,1198,782.0
1154,1383.0,1208,783.0
1155,1384.0,1353,784.0
1156,1385.0,1904,785.0
1157,1386.0,1368,786.0
1158,1387.0,1341,787.0
1159,1388.0,1807,788.0
1160,1389.0,1224,789.0
1161,1390.0,1236,790.0
1162,1391.0,1741,791.0
1163,1392.0,1911,792.0
1164,1393.0,1170,793.0
1165,1394.0,824,794.0
1166,1395.0,548,795.0
1167,1396.0,674,796.0
1168,1397.0,843,797.0
1169,1398.0,818,798.0
1170,1399.0,982,799.0
1171,1400.0,909,800.0
1172,1401.0,2264,801.0
1173,1402.0,1767,802.0
1174,1403.0,1436,803.0
1175,1404.0,413,804.0
1176,1405.0,474,805.0
1177,1406.0,925,806.0
1178,1407.0,1870,807.0
1179,1408.0,1314,808.0
1180,1409.0,1358,809.0
1181,1410.0,1156,810.0
1182,1411.0,1041,811.0
1183,1412.0,785,812.0
1184,1413.0,516,813.0
1185,1414.0,422,814.0
1186,1415.0,544,815.0
1187,1416.0,1360,816.0
1188,1417.0,558,817.0
1189,1418.0,807,818.0
1190,1419.0,606,819.0
1191,1420.0,511,820.0
1192,1421.0,730,821.0
1193,1422.0,714,822.0
1194,1423.0,595,823.0
1195,1424.0,963,824.0
1196,1425.0,711,825.0
1197,1426.0,884,826.0
1198,1427.0,609,827.0
1199,1428.0,395,828.0
1200,1429.0,352,829.0
1201,1430.0,685,830.0
1202,1431.0,858,831.0
1203,1432.0,475,832.0
1204,1433.0,411,833.0
1205,1434.0,412,834.0
1206,1435.0,304,835.0
1207,1436.0,347,836.0
1208,1437.0,332,837.0
1209,1438.0,428,838.0
1210,1439.0,350,839.0
1211,1440.0,1375,840.0
1212,1441.0,579,841.0
1213,1442.0,682,842.0
1214,1443.0,700,843.0
1215,1444.0,423,844.0
1216,1445.0,758,845.0
1217,1446.0,619,846.0
1218,1447.0,639,847.0
1219,1448.0,513,848.0
1220,1449.0,692,849.0
1221,1450.0,752,850.0
1222,1451.0,605,851.0
1223,1452.0,630,852.0
1224,1453.0,927,853.0
1225,1454.0,816,854.0
1226,1455.0,626,855.0
1227,1456.0,480,856.0
1228,1457.0,456,857.0
1229,1458.0,487,858.0
1230,1459.0,571,859.0
1231,1460.0,591,860.0
1232,1461.0,769,861.0
1233,1462.0,491,862.0
1234,1463.0,429,863.0
1235,1464.0,1252,864.0
1236,1465.0,532,865.0
1237,1466.0,850,866.0
1238,1467.0,631,867.0
1239,1468.0,539,868.0
1240,1469.0,463,869.0
1241,1470.0,1041,870.0
1242,1471.0,701,871.0
1243,1472.0,598,872.0
1244,1473.0,1013,873.0
1245,1474.0,1351,874.0
1246,1475.0,1160,875.0
1247,1476.0,1344,876.0
1248,1477.0,856,877.0
1249,1478.0,1453,878.0
1250,1479.0,1044,879.0
1251,1480.0,1379,880.0
1252,1481.0,1419,881.0
1253,1482.0,840,882.0
1254,1483.0,1118,883.0
1255,1484.0,1078,884.0
1256,1485.0,822,885.0
1257,1486.0,577,886.0
1258,1487.0,607,887.0
1259,1488.0,1543,888.0
1260,1489.0,698,889.0
1261,1490.0,905,890.0
1262,1491.0,826,891.0
1263,1492.0,576,892.0
1264,1493.0,634,893.0
1265,1494.0,1113,894.0
1266,1495.0,948,895.0
1267,1496.0,630,896.0
1268,1497.0,790,897.0
1269,1498.0,1321,898.0
1270,1499.0,1167,899.0
1271,1500.0,863,900.0
1272,1501.0,1065,901.0
1273,1502.0,1140,902.0
1274,1503.0,1337,903.0
1275,1504.0,1151,904.0
1276,1505.0,1532,905.0
1277,1506.0,1367,906.0
1278,1507.0,1250,907.0
1279,1508.0,1483,908.0
1280,1509.0,860,909.0
1281,1510.0,757,910.0
1282,1511.0,633,911.0
1283,1512.0,1661,912.0
1284,1513.0,822,913.0
1285,1514.0,873,914.0
1286,1515.0,593,915.0
1287,1516.0,505,916.0
1288,1517.0,454,917.0
1289,1518.0,669,918.0
1290,1519.0,1266,919.0
1291,1520.0,727,920.0
1292,1521.0,768,921.0
1293,1522.0,1237,922.0
1294,1523.0,1448,923.0
1295,1524.0,964,924.0
1296,1525.0,1181,925.0
1297,1526.0,1216,926.0
1298,1527.0,1813,927.0
1299,1528.0,1431,928.0
1300,1529.0,1333,929.0
1301,1530.0,920,930.0
1302,1531.0,942,931.0
1303,1532.0,1212,932.0
1304,1533.0,959,933.0
1305,1534.0,740,934.0
1306,1535.0,981,935.0
1307,1536.0,1770,936.0
1308,1537.0,728,937.0
1309,1538.0,743,938.0
1310,1539.0,548,939.0
1311,1540.0,843,940.0
1312,1541.0,486,941.0
1313,1542.0,999,942.0
1314,1543.0,1001,943.0
1315,1544.0,836,944.0
1316,1545.0,648,945.0
1317,1546.0,1131,946.0
1318,1547.0,1148,947.0
1319,1548.0,813,948.0
1320,1549.0,777,949.0
1321,1550.0,1272,950.0
1322,1551.0,1159,951.0
1323,1552.0,1202,952.0
1324,1553.0,1339,953.0
1325,1554.0,935,954.0
1326,1555.0,961,955.0
1327,1556.0,1181,956.0
1328,1557.0,915,957.0
1329,1558.0,657,958.0
1330,1559.0,508,959.0
1331,1560.0,1564,960.0
1332,1561.0,610,961.0
1333,1562.0,745,962.0
1334,1563.0,534,963.0
1335,1564.0,591,964.0
1336,1565.0,539,965.0
1337,1566.0,805,966.0
1338,1567.0,1270,967.0
1339,1568.0,685,968.0
1340,1569.0,852,969.0
1341,1570.0,1106,970.0
1342,1571.0,1050,971.0
1343,1572.0,809,972.0
1344,1573.0,860,973.0
1345,1574.0,1114,974.0
1346,1575.0,958,975.0
1347,1576.0,804,976.0
1348,1577.0,682,977.0
1349,1578.0,684,978.0
1350,1579.0,511,979.0
1351,1580.0,683,980.0
1352,1581.0,666,981.0
1353,1582.0,568,982.0
1354,1583.0,467,983.0
1355,1584.0,3297,984.0
1356,1585.0,4176,985.0
1357,1586.0,4025,986.0
1358,1587.0,3989,987.0
1359,1588.0,3802,988.0
1360,1589.0,3376,989.0
1361,1590.0,3185,990.0
1362,1591.0,3451,991.0
1363,1592.0,2530,992.0
1364,1593.0,2306,993.0
1365,1594.0,2219,994.0
1366,1595.0,1723,995.0
1367,1596.0,1480,996.0
1368,1597.0,1024,997.0
1369,1598.0,919,998.0
1370,1599.0,821,999.0
1371,1600.0,559,1000.0
1372,1601.0,776,1001.0
1373,1602.0,478,1002.0
1374,1603.0,368,1003.0
1375,1604.0,359,1004.0
1376,1605.0,409,1005.0
1377,1606.0,551,1006.0
1378,1607.0,617,1007.0
1379,1608.0,5544,1008.0
1380,1609.0,7868,1009.0
1381,1610.0,6595,1010.0
1382,1611.0,6364,1011.0
1383,1612.0,5701,1012.0
1384,1613.0,4649,1013.0
1385,1614.0,4719,1014.0
1386,1615.0,4138,1015.0
1387,1616.0,2767,1016.0
1388,1617.0,2164,1017.0
1389,1618.0,2072,1018.0
1390,1619.0,1821,1019.0
1391,1620.0,500,1020.0
1392,1621.0,398,1021.0
1393,1622.0,538,1022.0
1394,1623.0,566,1023.0
1395,1624.0,601,1024.0
1396,1625.0,526,1025.0
1397,1626.0,588,1026.0
1398,1627.0,571,1027.0
1399,1628.0,327,1028.0
1400,1629.0,510,1029.0
1401,1630.0,862,1030.0
1402,1631.0,452,1031.0
1403,1632.0,1583,1032.0
1404,1633.0,1159,1033.0
1405,1634.0,991,1034.0
1406,1635.0,983,1035.0
1407,1636.0,496,1036.0
1408,1637.0,596,1037.0
1409,1638.0,669,1038.0
1410,1639.0,1288,1039.0
1411,1640.0,624,1040.0
1412,1641.0,600,1041.0
1413,1642.0,2473,1042.0
1414,1643.0,1394,1043.0
1415,1644.0,760,1044.0
1416,1645.0,525,1045.0
1417,1646.0,1092,1046.0
1418,1647.0,1065,1047.0
1419,1648.0,1049,1048.0
1420,1649.0,1117,1049.0
1421,1650.0,728,1050.0
1422,1651.0,1136,1051.0
1423,1652.0,1018,1052.0
1424,1653.0,2204,1053.0
1425,1654.0,1683,1054.0
1426,1655.0,894,1055.0
1427,1656.0,1820,1056.0
1428,1657.0,961,1057.0
1429,1658.0,1469,1058.0
1430,1659.0,485,1059.0
1431,1660.0,934,1060.0
1432,1661.0,640,1061.0
1433,1662.0,604,1062.0
1434,1663.0,1344,1063.0
1435,1664.0,808,1064.0
1436,1665.0,709,1065.0
1437,1666.0,1390,1066.0
1438,1667.0,1233,1067.0
1439,1668.0,1007,1068.0
1440,1669.0,714,1069.0
1441,1670.0,876,1070.0
1442,1671.0,1058,1071.0
1443,1672.0,1052,1072.0
1444,1673.0,1033,1073.0
1445,1674.0,901,1074.0
1446,1675.0,833,1075.0
1447,1676.0,673,1076.0
1448,1677.0,772,1077.0
1449,1678.0,643,1078.0
1450,1679.0,370,1079.0
1451,1680.0,1218,1080.0
1452,1681.0,494,1081.0
1453,1682.0,755,1082.0
1454,1683.0,1571,1083.0
1455,1684.0,724,1084.0
1456,1685.0,745,1085.0
1457,1686.0,1066,1086.0
1458,1687.0,785,1087.0
1459,1688.0,614,1088.0
1460,1689.0,761,1089.0
1461,1690.0,1873,1090.0
1462,1691.0,2073,1091.0
1463,1692.0,987,1092.0
1464,1693.0,691,1093.0
1465,1694.0,1315,1094.0
1466,1695.0,1065,1095.0
1467,1696.0,942,1096.0
1468,1697.0,993,1097.0
1469,1698.0,871,1098.0
1470,1699.0,1432,1099.0
1471,1700.0,1219,1100.0
1472,1701.0,853,1101.0
1473,1702.0,941,1102.0
1474,1703.0,798,1103.0
1475,1704.0,1639,1104.0
1476,1705.0,755,1105.0
1477,1706.0,849,1106.0
1478,1707.0,492,1107.0
1479,1708.0,1025,1108.0
1480,1709.0,1007,1109.0
1481,1710.0,1098,1110.0
1482,1711.0,904,1111.0
1483,1712.0,727,1112.0
1484,1713.0,692,1113.0
1485,1714.0,1083,1114.0
1486,1715.0,1045,1115.0
1487,1716.0,1206,1116.0
1488,1717.0,1466,1117.0
1489,1718.0,1252,1118.0
1490,1719.0,1336,1119.0
1491,1720.0,1111,1120.0
1492,1721.0,1070,1121.0
1493,1722.0,783,1122.0
1494,1723.0,940,1123.0
1495,1724.0,716,1124.0
1496,1725.0,524,1125.0
1497,1726.0,568,1126.0
1498,1727.0,1202,1127.0
1499,1728.0,2641,1128.0
1500,1729.0,639,1129.0
1501,1730.0,715,1130.0
1502,1731.0,425,1131.0
1503,1732.0,626,1132.0
1504,1733.0,566,1133.0
1505,1734.0,1005,1134.0
1506,1735.0,1149,1135.0
1507,1736.0,835,1136.0
1508,1737.0,643,1137.0
1509,1738.0,1070,1138.0
1510,1739.0,1129,1139.0
1511,1740.0,963,1140.0
1512,1741.0,488,1141.0
1513,1742.0,1099,1142.0
1514,1743.0,1102,1143.0
1515,1744.0,864,1144.0
1516,1745.0,1195,1145.0
1517,1746.0,854,1146.0
1518,1747.0,695,1147.0
1519,1748.0,654,1148.0
1520,1749.0,656,1149.0
1521,1750.0,370,1150.0
1522,1751.0,404,1151.0
1523,1752.0,1540,1152.0
1524,1753.0,989,1153.0
1525,1754.0,671,1154.0
1526,1755.0,515,1155.0
1527,1756.0,656,1156.0
1528,1757.0,465,1157.0
1529,1758.0,804,1158.0
1530,1759.0,817,1159.0
1531,1760.0,1004,1160.0
1532,1761.0,544,1161.0
1533,1762.0,589,1162.0
1534,1763.0,508,1163.0
1535,1764.0,523,1164.0
1536,1765.0,596,1165.0
1537,1766.0,480,1166.0
1538,1767.0,533,1167.0
1539,1768.0,536,1168.0
1540,1769.0,548,1169.0
1541,1770.0,644,1170.0
1542,1771.0,708,1171.0
1543,1772.0,582,1172.0
1544,1773.0,685,1173.0
1545,1774.0,393,1174.0
1546,1775.0,409,1175.0
1547,1776.0,1705,1176.0
1548,1777.0,494,1177.0
1549,1778.0,761,1178.0
1550,1779.0,462,1179.0
1551,1780.0,559,1180.0
1552,1781.0,877,1181.0
1553,1782.0,1034,1182.0
1554,1783.0,1113,1183.0
1555,1784.0,521,1184.0
1556,1785.0,650,1185.0
1557,1786.0,531,1186.0
1558,1787.0,538,1187.0
1559,1788.0,725,1188.0
1560,1789.0,554,1189.0
1561,1790.0,446,1190.0
1562,1791.0,653,1191.0
1563,1792.0,1379,1192.0
1564,1793.0,601,1193.0
1565,1794.0,390,1194.0
1566,1795.0,248,1195.0
1567,1796.0,565,1196.0
1568,1797.0,871,1197.0
1569,1798.0,340,1198.0
1570,1799.0,1195,1199.0
1571,1800.0,2010,1200.0
1572,1801.0,435,1201.0
1573,1802.0,772,1202.0
1574,1803.0,441,1203.0
1575,1804.0,446,1204.0
1576,1805.0,592,1205.0
1577,1806.0,1222,1206.0
1578,1807.0,863,1207.0
1579,1808.0,748,1208.0
1580,1809.0,736,1209.0
1581,1810.0,960,1210.0
1582,1811.0,861,1211.0
1583,1812.0,828,1212.0
1584,1813.0,584,1213.0
1585,1814.0,1068,1214.0
1586,1815.0,951,1215.0
1587,1816.0,885,1216.0
1588,1817.0,909,1217.0
1589,1818.0,895,1218.0
1590,1819.0,750,1219.0
1591,1820.0,689,1220.0
1592,1821.0,718,1221.0
1593,1822.0,481,1222.0
1594,1823.0,485,1223.0
